INSERT INTO seller(id, name, created_at, updated_at, remark_score, disabled_flag) VALUES
                                                                                      (1, 'Toronto Noodle House Inc.', now(), now(), 2.5, 0),
                                                                                      (2, 'Beijing Roast Duck Canada Ltd.', now(), now(), 2.0, 0),
                                                                                      (3, 'Edmonton Foods Manufacturing Ltd.', now(), now(), 2.6, 0),
                                                                                      (4, 'Halifax Brewery Co.', now(), now(), 0.9, 0),
                                                                                      (5, 'Vancouver Fresh Eats Ltd.', now(), now(), 3.0, 0),
                                                                                      (6, 'Nine Bamboo Food Processing Inc.', now(), now(), 5.0, 0),
                                                                                      (7, 'TideRush Foodworks', now(), now(), 2.7, 0),
                                                                                      (8, 'BayMoo Food Corp.', now(), now(), 2.0, 0),
                                                                                      (9, 'HantyEve Food Ltd.', now(), now(), 1.5, 0),
                                                                                      (10, 'Outskirt Foods Ltd.', now(), now(), 1.8, 0),
                                                                                      (11, 'SnowBunny Food Processing Co.', now(), now(), 4.6, 0),
                                                                                      (12, 'Lindale Foods', now(), now(), 5.0, 0),
                                                                                      (13, 'Shenghua Lotus Paste Factory Toronto', now(), now(), 0.7, 0),
                                                                                      (14, 'Guilin Jade Garden Foods Ltd.', now(), now(), 5.0, 0),
                                                                                      (15, 'Tianjin Cake Model Studio', now(), now(), 1.7, 0),
                                                                                      (16, 'RedEdge Inkjet Tech Toronto', now(), now(), 5.0, 0),
                                                                                      (17, 'Hyatt Hospitality Group', now(), now(), 3.0, 0),
                                                                                      (18, 'Carlson Global Hotels Canada', now(), now(), 3.1, 0),
                                                                                      (19, 'Starwood Hotel Group', now(), now(), 0.2, 0),
                                                                                      (20, 'Best Western International Group', now(), now(), 3.8, 0),
                                                                                      (21, 'Elite International Hotels Co.', now(), now(), 0.2, 0),
                                                                                      (22, 'Hilton Group Canada', now(), now(), 1.7, 0),
                                                                                      (23, 'Accor Group Canada', now(), now(), 1.8, 0),
                                                                                      (24, 'Marriott International Canada', now(), now(), 4.1, 0),
                                                                                      (25, 'Senton Hotel Group', now(), now(), 3.0, 0),
                                                                                      (26, 'InterContinental Hotels Canada', now(), now(), 2.8, 0);

INSERT INTO category(id, created_at, updated_at, name, icon_url, sort) VALUES
                                                                           (1, '2019-06-10 15:33:37', '2019-06-10 15:33:37', 'Food', '/static/image/firstpage/food_u.png', '99'),
                                                                           (2, '2019-06-10 15:34:34', '2019-06-10 15:34:34', 'Hotels', '/static/image/firstpage/snack_u.png', '98'),
                                                                           (3, '2019-06-10 15:36:36', '2019-06-10 15:36:36', 'Entertainment', '/static/image/firstpage/bar_o.png', '97'),
                                                                           (4, '2019-06-10 15:37:09', '2019-06-10 15:37:09', 'Weddings', '/static/image/firstpage/jiehun.png', '96'),
                                                                           (5, '2019-06-10 15:37:31', '2019-06-10 15:37:31', 'Spa & Wellness', '/static/image/firstpage/zuliao.png', '96'),
                                                                           (6, '2019-06-10 15:37:49', '2019-06-10 15:37:49', 'KTV', '/static/image/firstpage/ktv_u.png', '95'),
                                                                           (7, '2019-06-10 15:38:14', '2019-06-10 15:38:14', 'Tourist Attractions', '/static/image/firstpage/jingdian.png', '94'),
                                                                           (8, '2019-06-10 15:38:35', '2019-06-10 15:38:35', 'Beauty & Salon', '/static/image/firstpage/liren.png', '93');

INSERT INTO shop(id, name, created_at, updated_at, remark_score, price_per_man, longitude, latitude, category_id, tags, start_time, end_time, address, seller_id, icon_url) VALUES
                                                                                                                                                                                (17, 'Maple Leaf Noodle Bar (Downtown Toronto)', now(), now(), 4.8, 21, -79.3832, 43.6532, 1, 'New opening, Great vibe', '10:00', '22:00', '123 Queen St W, Toronto, ON', 1, '/static/image/shopcover/xchg.jpg'),
                                                                                                                                                                                (18, 'Northern Duck House (Richmond)', now(), now(), 4.3, 25, -123.1360, 49.1666, 1, 'Authentic Beijing Duck', '10:30', '21:00', '6888 No. 3 Rd, Richmond, BC', 2, '/static/image/shopcover/zoocoffee.jpg'),
                                                                                                                                                                                (19, 'Edmonton Grill & Tap', now(), now(), 4.0, 32, -113.4909, 53.5444, 1, 'Live music, local beers', '11:00', '23:00', '102 Ave NW, Edmonton, AB', 3, '/static/image/shopcover/six.jpg'),
                                                                                                                                                                                (20, 'Halifax Brewery Co. (Seaside Taproom)', now(), now(), 4.5, 18, -63.5752, 44.6488, 1, 'Seaview, Craft Beer', '12:00', '00:00', 'Lower Water St, Halifax, NS', 4, '/static/image/shopcover/yjbf.jpg'),
                                                                                                                                                                                (21, 'Vancouver Healthy Bites', now(), now(), 4.2, 19, -123.1216, 49.2827, 1, 'Fresh salad & smoothie', '09:00', '20:00', 'Robson St, Vancouver, BC', 5, '/static/image/shopcover/jbw.jpg'),
                                                                                                                                                                                (22, 'Bamboo Kitchen & Deli', now(), now(), 4.9, 27, -79.3962, 43.6620, 1, 'Top-rated family food', '10:00', '22:00', 'Bloor St W, Toronto, ON', 6, '/static/image/shopcover/mwsk.jpg'),
                                                                                                                                                                                (23, 'Tiderush Café & Brunch', now(), now(), 4.6, 16, -123.1171, 49.2892, 1, 'Best brunch in town', '08:00', '16:00', 'Commercial Dr, Vancouver, BC', 7, '/static/image/shopcover/lsy.jpg'),
                                                                                                                                                                                (24, 'Baymoo Bubble Tea Bar', now(), now(), 3.9, 12, -79.3811, 43.6545, 1, 'Free Wi-Fi, cozy seats', '11:00', '21:00', 'Yonge St, Toronto, ON', 8, '/static/image/shopcover/jtyjj.jpg'),
                                                                                                                                                                                (25, 'SnowBunny Vegan Foods', now(), now(), 4.7, 22, -123.1198, 49.2819, 1, 'Vegan-friendly, Gluten-free', '10:00', '22:00', 'Granville St, Vancouver, BC', 11, '/static/image/shopcover/dfjzw.jpg'),
                                                                                                                                                                                (26, 'Hyatt Vancouver Hotel', now(), now(), 4.4, 160, -123.1193, 49.2830, 2, 'Downtown luxury', '14:00', '11:00', '655 Burrard St, Vancouver, BC', 17, '/static/image/shopcover/secretroom03.jpg');
